Date	PMID	ORCID	ORCID Name	Author	New	Correction	Additions	issue	full text	Annotation url	PAGE Date	Notes
2019-11-11	16033796	0000-0002-7535-4407	Erin Davies	0	1	0	0	none	toadd	https://github.com/planosphere/PAGE/blob/master/curation/ExpressionFiles/16033796_eld.txt	added-yes	first big annotation push
2019-11-11	16344473	0000-0002-7535-4407	Erin Davies	0	1	0	0	none	toadd	https://github.com/planosphere/PAGE/blob/master/curation/ExpressionFiles/16344473_eld.txt	added-yes	first big annotation push
2019-11-11	16890156	0000-0003-2569-1939	Stephanie Nowotarski	0	1	0	0	none	toadd	https://github.com/planosphere/PAGE/blob/master/curation/ExpressionFiles/16890156_stn.txt	added-yes	first big annotation push
2019-11-11	17376870	0000-0002-7535-4407	Erin Davies	0	1	0	0	none	toadd	https://github.com/planosphere/PAGE/blob/master/curation/ExpressionFiles/17376870_eld.txt	added-yes	first big annotation push
2019-11-11	20844018	0000-0002-7535-4407	Erin Davies	0	1	0	0	none	toadd	https://github.com/planosphere/PAGE/blob/master/curation/ExpressionFiles/20844018_eld_1.txt	added-yes	first big annotation push
2019-11-11	20844018	0000-0002-7535-4407	Erin Davies	0	1	0	0	none	toadd	https://github.com/planosphere/PAGE/blob/master/curation/ExpressionFiles/20844018_eld_2.txt	added-yes	first big annotation push
2019-11-11	20844018	0000-0002-7535-4407	Erin Davies	0	1	0	0	none	toadd	https://github.com/planosphere/PAGE/blob/master/curation/ExpressionFiles/20844018_eld_3.txt	added-yes	first big annotation push
2019-11-11	23079596	0000-0002-7535-4407	Erin Davies	0	1	0	0	none	toadd	https://github.com/planosphere/PAGE/blob/master/curation/ExpressionFiles/23079596_eld_1.txt	added-yes	first big annotation push
2019-11-11	23079596	0000-0002-7535-4407	Erin Davies	0	1	0	0	none	toadd	https://github.com/planosphere/PAGE/blob/master/curation/ExpressionFiles/23079596_eld_2.txt	added-yes	first big annotation push
2019-11-11	23629965	0000-0003-2569-1939	Stephanie Nowotarski	0	1	0	0	none	toadd	https://github.com/planosphere/PAGE/blob/master/curation/ExpressionFiles/23629965_stn.txt	added-yes	first big annotation push
2019-11-11	24173799	0000-0002-3918-4412	Viraj Doddihal	0	1	0	0	none	toadd	https://github.com/planosphere/PAGE/blob/master/curation/ExpressionFiles/24173799_VID.txt	added-yes	first big annotation push
2019-11-11	25356635	0000-0002-3918-4412	Viraj Doddihal	0	1	0	0	none	toadd	https://github.com/planosphere/PAGE/blob/master/curation/ExpressionFiles/25356635_VID.txt	added-yes	first big annotation push
2019-11-11	26457503	0000-0003-0880-8584	Aubrey Kent	0	1	0	0	none	toadd	https://github.com/planosphere/PAGE/blob/master/curation/ExpressionFiles/26457503_auk.txt	added-yes	first big annotation push
2019-11-11	26457503	0000-0003-0880-8584	Aubrey Kent	0	1	0	0	none	toadd	https://github.com/planosphere/PAGE/blob/master/curation/ExpressionFiles/26457503_auk_2.txt	added-yes	first big annotation push
2019-11-11	30282036	0000-0003-0880-8584	Aubrey Kent	0	1	0	0	none	toadd	https://github.com/planosphere/PAGE/blob/master/curation/ExpressionFiles/30282036_auk.txt	added-yes	first big annotation push
2019-11-12	22252538	0000-0002-7535-4407	Erin Davies	0	1	0	0	none	toadd	https://github.com/planosphere/PAGE/blob/master/curation/ExpressionFiles/22252538_eld.txt	added-yes	first big annotation push
2019-11-12	26457503	0000-0003-0880-8584	Aubrey Kent	0	1	0	0	none	toadd	https://github.com/planosphere/PAGE/blob/master/curation/ExpressionFiles/26457503_auk_3.txt	added-yes	first big annotation push
2019-11-12	28434803	0000-0002-7535-4407	Erin Davies	0	1	0	0	none	toadd	https://github.com/planosphere/PAGE/blob/master/curation/ExpressionFiles/28434803_eld.txt	added-yes	first big annotation push
2019-11-13	18063755	0000-0002-7535-4407	Erin Davies	0	1	0	0	none	toadd	https://github.com/planosphere/PAGE/blob/master/curation/ExpressionFiles/18063755_eld.txt	added-yes	first big annotation push
2019-11-13	19852954	0000-0003-2569-1939	Stephanie Nowotarski	0	1	0	0	none	toadd	https://github.com/planosphere/PAGE/blob/master/curation/ExpressionFiles/19852954_stn.txt	added-yes	first big annotation push
2019-11-13	19933103	0000-0003-2569-1939	Stephanie Nowotarski	0	1	0	0	none	toadd	https://github.com/planosphere/PAGE/blob/master/curation/ExpressionFiles/19933103_stn.txt	added-yes	first big annotation push
2019-11-13	20967238	0000-0002-7535-4407	Erin Davies	0	1	0	0	none	toadd	https://github.com/planosphere/PAGE/blob/master/curation/ExpressionFiles/20967238_eld.txt	added-yes	first big annotation push
2019-11-13	21664348	0000-0002-7535-4407	Erin Davies	0	1	0	0	none	toadd	https://github.com/planosphere/PAGE/blob/master/curation/ExpressionFiles/21664348_eld.txt	added-yes	first big annotation push
2019-11-13	21828097	0000-0003-2569-1939	Stephanie Nowotarski	0	1	0	0	none	toadd	https://github.com/planosphere/PAGE/blob/master/curation/ExpressionFiles/21828097_stn.txt	added-yes	first big annotation push
2019-11-13	22074376	0000-0002-7535-4407	Erin Davies	0	1	0	0	none	toadd	https://github.com/planosphere/PAGE/blob/master/curation/ExpressionFiles/22074376_eld.txt	added-yes	first big annotation push
2019-11-13	22884275	0000-0003-2569-1939	Stephanie Nowotarski	0	1	0	0	none	toadd	https://github.com/planosphere/PAGE/blob/master/curation/ExpressionFiles/22884275_stn.txt	added-yes	first big annotation push
2019-11-13	23652002	0000-0002-7535-4407	Erin Davies	0	1	0	0	none	toadd	https://github.com/planosphere/PAGE/blob/master/curation/ExpressionFiles/23652002_eld.txt	added-yes	first big annotation push
2019-11-13	24737865	0000-0003-2569-1939	Stephanie Nowotarski	0	1	0	0	none	toadd	https://github.com/planosphere/PAGE/blob/master/curation/ExpressionFiles/24737865_stn.txt	added-yes	first big annotation push
2019-11-13	25278423	0000-0002-7535-4407	Erin Davies	0	1	0	0	none	toadd	https://github.com/planosphere/PAGE/blob/master/curation/ExpressionFiles/25278423_eld.txt	added-yes	first big annotation push
2019-11-13	25772472	0000-0003-2569-1939	Stephanie Nowotarski	0	1	0	0	none	toadd	https://github.com/planosphere/PAGE/blob/master/curation/ExpressionFiles/25772472_stn.txt	added-yes	first big annotation push
2019-11-13	27122174	0000-0003-2569-1939	Stephanie Nowotarski	0	1	0	0	none	toadd	https://github.com/planosphere/PAGE/blob/master/curation/ExpressionFiles/27122174_stn.txt	added-yes	first big annotation push
2019-11-13	27149082	0000-0002-7535-4407	Erin Davies	0	1	0	0	none	toadd	https://github.com/planosphere/PAGE/blob/master/curation/ExpressionFiles/27149082_eld.txt	added-yes	first big annotation push
2019-11-13	27304889	0000-0002-7535-4407	Erin Davies	0	1	0	0	none	toadd	https://github.com/planosphere/PAGE/blob/master/curation/ExpressionFiles/27304889_eld.txt	added-yes	first big annotation push
2019-11-13	27330085	0000-0002-7535-4407	Erin Davies	0	1	0	0	none	toadd	https://github.com/planosphere/PAGE/blob/master/curation/ExpressionFiles/27330085_eld.txt	added-yes	first big annotation push
2019-11-13	27542689	0000-0003-2569-1939	Stephanie Nowotarski	0	1	0	0	none	toadd	https://github.com/planosphere/PAGE/blob/master/curation/ExpressionFiles/27542689_stn.txt	added-yes	first big annotation push
2019-11-13	27654173	0000-0003-2569-1939	Stephanie Nowotarski	0	1	0	0	none	toadd	https://github.com/planosphere/PAGE/blob/master/curation/ExpressionFiles/27654173_stn.txt	added-yes	first big annotation push
2019-11-13	28287248	0000-0003-2569-1939	Stephanie Nowotarski	0	1	0	0	none	toadd	https://github.com/planosphere/PAGE/blob/master/curation/ExpressionFiles/28287248_stn.txt	added-yes	first big annotation push
2019-11-13	28461239	0000-0003-2569-1939	Stephanie Nowotarski	0	1	0	0	none	toadd	https://github.com/planosphere/PAGE/blob/master/curation/ExpressionFiles/28461239_stn.txt	added-yes	first big annotation push
2019-11-13	30237141	0000-0003-2569-1939	Stephanie Nowotarski	0	1	0	0	none	toadd	https://github.com/planosphere/PAGE/blob/master/curation/ExpressionFiles/30237141_stn.txt	added-yes	first big annotation push
2019-11-14	16311336	0000-0003-2569-1939	Stephanie Nowotarski	0	1	0	0	none	toadd	https://github.com/planosphere/PAGE/blob/master/curation/ExpressionFiles/16311336_stn.txt	added-yes	first big annotation push
2019-11-14	17390146	0000-0002-7535-4407	Erin Davies	0	1	0	0	none	toadd	https://github.com/planosphere/PAGE/blob/master/curation/ExpressionFiles/17390146_eld.txt	added-yes	first big annotation push
2019-11-14	18063757	0000-0002-7535-4407	Erin Davies	0	1	0	0	none	toadd	https://github.com/planosphere/PAGE/blob/master/curation/ExpressionFiles/18063757_eld_1.txt	added-yes	first big annotation push
2019-11-14	18063757	0000-0002-7535-4407	Erin Davies	0	1	0	0	none	toadd	https://github.com/planosphere/PAGE/blob/master/curation/ExpressionFiles/18063757_eld_2.txt	added-yes	first big annotation push
2019-11-14	18202849	0000-0002-3918-4412	Viraj Doddihal	0	1	0	0	none	toadd	https://github.com/planosphere/PAGE/blob/master/curation/ExpressionFiles/18202849_VID.txt	added-yes	first big annotation push
2019-11-14	18287199	0000-0002-7535-4407	Erin Davies	0	1	0	0	none	toadd	https://github.com/planosphere/PAGE/blob/master/curation/ExpressionFiles/18287199_eld.txt	added-yes	first big annotation push
2019-11-14	19048075	0000-0003-0880-8584	Aubrey Kent	0	1	0	0	none	toadd	https://github.com/planosphere/PAGE/blob/master/curation/ExpressionFiles/19048075_auk.txt	added-yes	first big annotation push
2019-11-14	19211673	0000-0002-7535-4407	Erin Davies	0	1	0	0	none	toadd	https://github.com/planosphere/PAGE/blob/master/curation/ExpressionFiles/19211673_eld.txt	added-yes	first big annotation push
2019-11-14	19247960	0000-0002-3918-4412	Viraj Doddihal	0	1	0	0	none	toadd	https://github.com/planosphere/PAGE/blob/master/curation/ExpressionFiles/19247960_VID.txt	added-yes	first big annotation push
2019-11-14	19564616	0000-0002-3918-4412	Viraj Doddihal	0	1	0	0	none	toadd	https://github.com/planosphere/PAGE/blob/master/curation/ExpressionFiles/19564616_VID.txt	added-yes	first big annotation push
2019-11-14	20215344	0000-0003-2569-1939	Stephanie Nowotarski	0	1	0	0	none	toadd	https://github.com/planosphere/PAGE/blob/master/curation/ExpressionFiles/20215344_stn.txt	added-yes	first big annotation push
2019-11-14	21458439	0000-0003-2569-1939	Stephanie Nowotarski	0	1	0	0	none	toadd	https://github.com/planosphere/PAGE/blob/master/curation/ExpressionFiles/21458439_stn.txt	added-yes	first big annotation push
2019-11-14	21747960	0000-0002-7535-4407	Erin Davies	0	1	0	0	none	toadd	https://github.com/planosphere/PAGE/blob/master/curation/ExpressionFiles/21747960_eld.txt	added-yes	first big annotation push
2019-11-14	21894189	0000-0003-2569-1939	Stephanie Nowotarski	0	1	0	0	none	toadd	https://github.com/planosphere/PAGE/blob/master/curation/ExpressionFiles/21894189_stn.txt	added-yes	first big annotation push
2019-11-14	22223737	0000-0003-2569-1939	Stephanie Nowotarski	0	1	0	0	none	toadd	https://github.com/planosphere/PAGE/blob/master/curation/ExpressionFiles/22223737_stn.txt	added-yes	first big annotation push
2019-11-14	22318224	0000-0003-2569-1939	Stephanie Nowotarski	0	1	0	0	none	toadd	https://github.com/planosphere/PAGE/blob/master/curation/ExpressionFiles/22318224_stn.txt	added-yes	first big annotation push
2019-11-14	22339734	0000-0002-3918-4412	Viraj Doddihal	0	1	0	0	none	toadd	https://github.com/planosphere/PAGE/blob/master/curation/ExpressionFiles/22339734_VID.txt	added-yes	first big annotation push
2019-11-14	22451003	0000-0003-0880-8584	Aubrey Kent	0	1	0	0	none	toadd	https://github.com/planosphere/PAGE/blob/master/curation/ExpressionFiles/22451003_auk.txt	added-yes	first big annotation push
2019-11-14	22479207	0000-0003-0880-8584	Aubrey Kent	0	1	0	0	none	toadd	https://github.com/planosphere/PAGE/blob/master/curation/ExpressionFiles/22479207_auk.txt	added-yes	first big annotation push
2019-11-14	23405188	0000-0003-2569-1939	Stephanie Nowotarski	0	1	0	0	none	toadd	https://github.com/planosphere/PAGE/blob/master/curation/ExpressionFiles/23405188_stn.txt	added-yes	first big annotation push
2019-11-14	23903188	0000-0002-3918-4412	Viraj Doddihal	0	1	0	0	none	toadd	https://github.com/planosphere/PAGE/blob/master/curation/ExpressionFiles/23903188_VID.txt	added-yes	first big annotation push
2019-11-14	24131630	0000-0002-3918-4412	Viraj Doddihal	0	1	0	0	none	toadd	https://github.com/planosphere/PAGE/blob/master/curation/ExpressionFiles/24131630_VID.txt	added-yes	first big annotation push
2019-11-14	24903754	0000-0003-2569-1939	Stephanie Nowotarski	0	1	0	0	none	toadd	https://github.com/planosphere/PAGE/blob/master/curation/ExpressionFiles/24903754_stn.txt	added-yes	first big annotation push
2019-11-14	24922054	0000-0003-0880-8584	Aubrey Kent	0	1	0	0	none	toadd	https://github.com/planosphere/PAGE/blob/master/curation/ExpressionFiles/24922054_auk.txt	added-yes	first big annotation push
2019-11-14	27441386	0000-0003-2569-1939	Stephanie Nowotarski	0	1	0	0	none	toadd	https://github.com/planosphere/PAGE/blob/master/curation/ExpressionFiles/27441386_stn (1).txt	added-yes	first big annotation push
2019-11-14	27523733	0000-0003-2569-1939	Stephanie Nowotarski	0	1	0	0	none	toadd	https://github.com/planosphere/PAGE/blob/master/curation/ExpressionFiles/27523733_stn (1).txt	added-yes	first big annotation push
2019-11-14	27612382	0000-0002-3918-4412	Viraj Doddihal	0	1	0	0	none	toadd	https://github.com/planosphere/PAGE/blob/master/curation/ExpressionFiles/27612382_VID.txt	added-yes	first big annotation push
2019-11-14	28126842	0000-0002-3918-4412	Viraj Doddihal	0	1	0	0	none	toadd	https://github.com/planosphere/PAGE/blob/master/curation/ExpressionFiles/28126842_VID.txt	added-yes	first big annotation push
2019-11-14	28137894	0000-0002-3918-4412	Viraj Doddihal	0	1	0	0	none	toadd	https://github.com/planosphere/PAGE/blob/master/curation/ExpressionFiles/28137894_VID.txt	added-yes	first big annotation push
2019-11-14	28495872	0000-0002-3918-4412	Viraj Doddihal	0	1	0	0	none	toadd	https://github.com/planosphere/PAGE/blob/master/curation/ExpressionFiles/28495872_VID.txt	added-yes	first big annotation push
2019-11-14	29291981	0000-0002-3918-4412	Viraj Doddihal	0	1	0	0	none	toadd	https://github.com/planosphere/PAGE/blob/master/curation/ExpressionFiles/29291981_VID.txt	added-yes	first big annotation push
2019-11-15	17942485	0000-0002-7535-4407	Erin Davies	0	1	0	0	none	toadd	https://github.com/planosphere/PAGE/blob/master/curation/ExpressionFiles/17942485_eld.txt	added-yes	first big annotation push
2019-11-15	20422023	0000-0002-7535-4407	Erin Davies	0	1	0	0	none	toadd	https://github.com/planosphere/PAGE/blob/master/curation/ExpressionFiles/20422023_eld.txt	added-yes	first big annotation push
2019-11-15	21282632	0000-0002-7535-4407	Erin Davies	0	1	0	0	none	toadd	https://github.com/planosphere/PAGE/blob/master/curation/ExpressionFiles/21282632_eld.txt	added-yes	first big annotation push
2019-11-15	21295483	0000-0002-7535-4407	Erin Davies	0	1	0	0	none	toadd	https://github.com/planosphere/PAGE/blob/master/curation/ExpressionFiles/21295483_eld.txt	added-yes	first big annotation push
2019-11-15	21806978	0000-0002-7535-4407	Erin Davies	0	1	0	0	none	toadd	https://github.com/planosphere/PAGE/blob/master/curation/ExpressionFiles/21806978_eld.txt	added-yes	first big annotation push
2019-11-15	21852957	0000-0003-2569-1939	Stephanie Nowotarski	0	1	0	0	none	toadd	https://github.com/planosphere/PAGE/blob/master/curation/ExpressionFiles/21852957_stn.txt	added-yes	first big annotation push
2019-11-15	21937596	0000-0003-2569-1939	Stephanie Nowotarski	0	1	0	0	none	toadd	https://github.com/planosphere/PAGE/blob/master/curation/ExpressionFiles/21937596_stn.txt	added-yes	first big annotation push
2019-11-15	23629965	0000-0003-2569-1939	Stephanie Nowotarski	0	1	0	0	none	toadd	https://github.com/planosphere/PAGE/blob/master/curation/ExpressionFiles/23629965_additional.txt	added-yes	first big annotation push
2019-11-15	28072387	0000-0002-7535-4407	Erin Davies	0	1	0	0	none	toadd	https://github.com/planosphere/PAGE/blob/master/curation/ExpressionFiles/28072387_eld_1.txt	added-yes	first big annotation push
2019-11-15	28072387	0000-0002-7535-4407	Erin Davies	0	1	0	0	none	toadd	https://github.com/planosphere/PAGE/blob/master/curation/ExpressionFiles/28072387_eld_2.txt	added-yes	first big annotation push
2019-11-15	28072387	0000-0002-7535-4407	Erin Davies	0	1	0	0	none	toadd	https://github.com/planosphere/PAGE/blob/master/curation/ExpressionFiles/28072387_eld_3.txt	added-yes	first big annotation push
2019-11-17	22371573	0000-0002-7535-4407	Erin Davies	0	1	0	0	none	toadd	https://github.com/planosphere/PAGE/blob/master/curation/ExpressionFiles/22371573_eld.txt	added-yes	first big annotation push
2019-11-18	17905225	0000-0002-7535-4407	Erin Davies	0	1	0	0	none	toadd	https://github.com/planosphere/PAGE/blob/master/curation/ExpressionFiles/17905225_eld.txt	added-yes	first big annotation push
2019-11-18	19174194	0000-0002-7535-4407	Erin Davies	0	1	0	0	none	toadd	https://github.com/planosphere/PAGE/blob/master/curation/ExpressionFiles/19174194_eld.txt	added-yes	first big annotation push
2019-11-18	21295481	0000-0002-7535-4407	Erin Davies	0	1	0	0	none	toadd	https://github.com/planosphere/PAGE/blob/master/curation/ExpressionFiles/21295481_eld.txt	added-yes	first big annotation push
2019-11-18	22451003	0000-0002-7535-4407	Erin Davies	0	1	0	0	none	toadd	https://github.com/planosphere/PAGE/blob/master/curation/ExpressionFiles/22451003_eld.txt	added-yes	first big annotation push
2019-11-19	19805089	0000-0002-7535-4407	Erin Davies	0	1	0	0	none	toadd	https://github.com/planosphere/PAGE/blob/master/curation/ExpressionFiles/19805089_eld.txt	added-yes	first big annotation push
2019-11-19	20707997	0000-0002-7535-4407	Erin Davies	0	1	0	0	none	toadd	https://github.com/planosphere/PAGE/blob/master/curation/ExpressionFiles/20707997_eld_1.txt	added-yes	first big annotation push
2019-11-19	25254346	0000-0003-2569-1939	Stephanie Nowotarski	0	1	0	0	none	toadd	https://github.com/planosphere/PAGE/blob/master/curation/ExpressionFiles/25254346_stn.txt	added-yes	first big annotation push
2019-11-19	29357350	0000-0002-7535-4407	Erin Davies	0	1	0	0	none	toadd	https://github.com/planosphere/PAGE/blob/master/curation/ExpressionFiles/29357350_eld.txt	added-yes	first big annotation push
2019-11-19	29364871	0000-0003-2569-1939	Stephanie Nowotarski	0	1	0	0	none	toadd	https://github.com/planosphere/PAGE/blob/master/curation/ExpressionFiles/29364871_stn.txt	added-yes	first big annotation push
2019-11-20	20707997	0000-0002-7535-4407	Erin Davies	0	1	0	0	none	toadd	https://github.com/planosphere/PAGE/blob/master/curation/ExpressionFiles/20707997_eld_2.txt	added-yes	first big annotation push
2019-11-20	27034770	0000-0002-7535-4407	Erin Davies	0	1	0	0	none	toadd	https://github.com/planosphere/PAGE/blob/master/curation/ExpressionFiles/27034770_eld_1.txt	added-yes	first big annotation push
2019-11-20	27034770	0000-0002-7535-4407	Erin Davies	0	1	0	0	none	toadd	https://github.com/planosphere/PAGE/blob/master/curation/ExpressionFiles/27034770_eld_2.txt	added-yes	first big annotation push
2019-11-21	16033796	0000-0002-3918-4412	Viraj Doddihal	0	1	0	0	none	toadd	https://github.com/planosphere/PAGE/blob/master/curation/ExpressionFiles/16033796_VID.txt	added-yes	first big annotation push
2019-11-21	17251262	0000-0002-3918-4412	Viraj Doddihal	0	1	0	0	none	toadd	https://github.com/planosphere/PAGE/blob/master/curation/ExpressionFiles/17251262_VID.txt	added-yes	first big annotation push
2019-11-21	17553481	0000-0002-3918-4412	Viraj Doddihal	0	1	0	0	none	toadd	https://github.com/planosphere/PAGE/blob/master/curation/ExpressionFiles/17553481_VID.txt	added-yes	first big annotation push
2019-11-21	17670787	0000-0002-3918-4412	Viraj Doddihal	0	1	0	0	none	toadd	https://github.com/planosphere/PAGE/blob/master/curation/ExpressionFiles/17670787_VID.txt	added-yes	first big annotation push
2019-11-21	21566195	0000-0002-7535-4407	Erin Davies	0	1	0	0	none	toadd	https://github.com/planosphere/PAGE/blob/master/curation/ExpressionFiles/21566195_eld.txt	added-yes	first big annotation push
2019-11-21	24523458	0000-0002-7535-4407	Erin Davies	0	1	0	0	none	toadd	https://github.com/planosphere/PAGE/blob/master/curation/ExpressionFiles/24523458_eld.txt	added-yes	first big annotation push
2019-11-21	24950970	0000-0002-3918-4412	Viraj Doddihal	0	1	0	0	none	toadd	https://github.com/planosphere/PAGE/blob/master/curation/ExpressionFiles/24950970_VID.txt	added-yes	first big annotation push
2019-11-21	29095551	0000-0002-7535-4407	Erin Davies	0	1	0	0	none	toadd	https://github.com/planosphere/PAGE/blob/master/curation/ExpressionFiles/29095551_eld_2.txt	added-yes	first big annotation push
2019-11-21	29291974	0000-0003-2569-1939	Stephanie Nowotarski	0	1	0	0	none	toadd	https://github.com/planosphere/PAGE/blob/master/curation/ExpressionFiles/29291974_stn.txt	added-yes	first big annotation push
2019-11-21	29557542	0000-0003-2569-1939	Stephanie Nowotarski	0	1	0	0	none	toadd	https://github.com/planosphere/PAGE/blob/master/curation/ExpressionFiles/29557542_stn.txt	added-yes	first big annotation push
2019-11-23	279364	0000-0002-7535-4407	Erin Davies	0	1	0	0	none	toadd	https://github.com/planosphere/PAGE/blob/master/curation/ExpressionFiles/279364_eld_1.txt	added-yes	first big annotation push
2019-11-23	279364	0000-0002-7535-4407	Erin Davies	0	1	0	0	none	toadd	https://github.com/planosphere/PAGE/blob/master/curation/ExpressionFiles/279364_eld_2.txt	added-yes	first big annotation push
2019-11-25	18456843	0000-0003-2569-1939	Stephanie Nowotarski	0	1	0	0	none	toadd	https://github.com/planosphere/PAGE/blob/master/curation/ExpressionFiles/18456843_stn.txt	added-yes	first big annotation push
2019-11-25	21828097	0000-0003-2569-1939	Stephanie Nowotarski	0	1	0	0	none	toadd	https://github.com/planosphere/PAGE/blob/master/curation/ExpressionFiles/21828097_stn 2.txt	added-yes	first big annotation push
2019-11-25	22411224	0000-0003-2569-1939	Stephanie Nowotarski	0	1	0	0	none	toadd	https://github.com/planosphere/PAGE/blob/master/curation/ExpressionFiles/22411224_stn.txt	added-yes	first big annotation push
2019-11-25	23250205	0000-0003-2569-1939	Stephanie Nowotarski	0	1	0	0	none	toadd	https://github.com/planosphere/PAGE/blob/master/curation/ExpressionFiles/23250205_stn.txt	added-yes	first big annotation push
2019-11-25	23250205	0000-0003-2569-1939	Stephanie Nowotarski	0	1	0	0	none	toadd	https://github.com/planosphere/PAGE/blob/master/curation/ExpressionFiles/24120894_stn.txt	added-yes	first big annotation push
2019-11-25	24120894	0000-0003-2569-1939	Stephanie Nowotarski	0	1	0	0	none	toadd	https://github.com/planosphere/PAGE/blob/master/curation/ExpressionFiles/24120894_stn.txt	added-yes	first big annotation push
2019-11-25	25558068	0000-0002-7535-4407	Erin Davies	0	1	0	0	none	toadd	https://github.com/planosphere/PAGE/blob/master/curation/ExpressionFiles/25558068_eld_1.txt	added-yes	first big annotation push
2019-11-25	25558068	0000-0002-7535-4407	Erin Davies	0	1	0	0	none	toadd	https://github.com/planosphere/PAGE/blob/master/curation/ExpressionFiles/25558068_eld_2.txt	added-yes	first big annotation push
2019-11-25	25558068	0000-0002-7535-4407	Erin Davies	0	1	0	0	none	toadd	https://github.com/planosphere/PAGE/blob/master/curation/ExpressionFiles/25558068_eld_3.txt	added-yes	first big annotation push
2019-11-25	25725068	0000-0002-7535-4407	Erin Davies	0	1	0	0	none	toadd	https://github.com/planosphere/PAGE/blob/master/curation/ExpressionFiles/25725068_eld.txt	added-yes	first big annotation push
2019-11-25	25956527	0000-0003-2569-1939	Stephanie Nowotarski	0	1	0	0	none	toadd	https://github.com/planosphere/PAGE/blob/master/curation/ExpressionFiles/25956527_stn.txt	added-yes	first big annotation push
2019-11-25	279364	0000-0002-7535-4407	Erin Davies	0	1	0	0	none	toadd	https://github.com/planosphere/PAGE/blob/master/curation/ExpressionFiles/279364_eld_3.txt	added-yes	first big annotation push
2019-11-25	30194301	0000-0003-2569-1939	Stephanie Nowotarski	0	1	0	0	none	toadd	https://github.com/planosphere/PAGE/blob/master/curation/ExpressionFiles/21828097_stn 2.txt	added-yes	first big annotation push
2019-11-25	30194301	0000-0003-2569-1939	Stephanie Nowotarski	0	1	0	0	none	toadd	https://github.com/planosphere/PAGE/blob/master/curation/ExpressionFiles/30194301_stn.txt	added-yes	first big annotation push
2019-11-26	23235145	0000-0003-2569-1939	Stephanie Nowotarski	0	1	0	0	none	toadd	https://github.com/planosphere/PAGE/blob/master/curation/ExpressionFiles/23235145_stn.txt	added-yes	first big annotation push
2019-12-1	22125640	0000-0002-7535-4407	Erin Davies	0	1	0	0	none	toadd	https://github.com/planosphere/PAGE/blob/master/curation/ExpressionFiles/22125640_eld.txt	added-yes	first big annotation push
2019-12-01	23318635	0000-0002-7535-4407	Erin Davies	0	1	0	0	none	toadd	https://github.com/planosphere/PAGE/blob/master/curation/ExpressionFiles/23318635_eld.txt	added-yes	first big annotation push
2019-12-01	24415944	0000-0002-7535-4407	Erin Davies	0	1	0	0	none	toadd	https://github.com/planosphere/PAGE/blob/master/curation/ExpressionFiles/24415944_eld.txt	added-yes	first big annotation push
2019-12-01	24704339	0000-0002-7535-4407	Erin Davies	0	1	0	0	none	toadd	https://github.com/planosphere/PAGE/blob/master/curation/ExpressionFiles/24704339_eld.txt	added-yes	first big annotation push
2019-12-01	24992682	0000-0002-7535-4407	Erin Davies	0	1	0	0	none	toadd	https://github.com/planosphere/PAGE/blob/master/curation/ExpressionFiles/24992682_eld.txt	added-yes	first big annotation push
2019-12-01	28976975	0000-0002-7535-4407	Erin Davies	0	1	0	0	none	toadd	https://github.com/planosphere/PAGE/blob/master/curation/ExpressionFiles/28976975_eld_1.txt	added-yes	first big annotation push
2019-12-01	28976975	0000-0002-7535-4407	Erin Davies	0	1	0	0	none	toadd	https://github.com/planosphere/PAGE/blob/master/curation/ExpressionFiles/28976975_eld_2.txt	added-yes	first big annotation push
2019-12-02	21566185	0000-0002-7535-4407	Erin Davies	0	1	0	0	none	toadd	https://github.com/planosphere/PAGE/blob/master/curation/ExpressionFiles/21566185_eld.txt	added-yes	first big annotation push
2019-12-02	23318641	0000-0002-7535-4407	Erin Davies	0	1	0	0	none	toadd	https://github.com/planosphere/PAGE/blob/master/curation/ExpressionFiles/23318641_eld_1.txt	added-yes	first big annotation push
2019-12-02	23318641	0000-0002-7535-4407	Erin Davies	0	1	0	0	none	toadd	https://github.com/planosphere/PAGE/blob/master/curation/ExpressionFiles/23318641_eld_2.txt	added-yes	first big annotation push
2019-12-02	26556349	0000-0002-7535-4407	Erin Davies	0	1	0	0	none	toadd	https://github.com/planosphere/PAGE/blob/master/curation/ExpressionFiles/26556349_eld.txt	added-yes	first big annotation push
2019-12-03	24238224	0000-0003-2569-1939	Stephanie Nowotarski	0	1	0	0	none	toadd	https://github.com/planosphere/PAGE/blob/master/curation/ExpressionFiles/24238224_stn.txt	added-yes	first big annotation push
2019-12-03	26062938	0000-0003-2569-1939	Stephanie Nowotarski	0	1	0	0	none	toadd	https://github.com/planosphere/PAGE/blob/master/curation/ExpressionFiles/26062938_stn.txt	added-yes	first big annotation push
2019-12-06	16033796	0000-0002-3918-4412	Viraj Doddihal	0	1	0	0	none	toadd	https://github.com/planosphere/PAGE/blob/master/curation/ExpressionFiles/16033796_VID(2).txt	added-yes	first big annotation push
2019-12-10	26884331	0000-0002-3918-4412	Viraj Doddihal	0	1	0	0	none	toadd	https://github.com/planosphere/PAGE/blob/master/curation/ExpressionFiles/26884331_VID.txt	added-yes	first big annotation push
2019-12-11	20040488	0000-0003-2569-1939	Stephanie Nowotarski	0	1	0	0	none	toadd	https://github.com/planosphere/PAGE/blob/master/curation/ExpressionFiles/20040488_stn.txt	added-yes	first big annotation push
2019-12-11	20223763	0000-0003-2569-1939	Stephanie Nowotarski	0	1	0	0	none	toadd	https://github.com/planosphere/PAGE/blob/master/curation/ExpressionFiles/20223763_stn.txt	added-yes	first big annotation push
2019-12-11	20865784	0000-0003-2569-1939	Stephanie Nowotarski	0	1	0	0	none	toadd	https://github.com/planosphere/PAGE/blob/master/curation/ExpressionFiles/20865784_stn.txt	added-yes	first big annotation push
2019-12-11	26525673	0000-0002-3918-4412	Viraj Doddihal	0	1	0	0	none	toadd	https://github.com/planosphere/PAGE/blob/master/curation/ExpressionFiles/26525673_VID.txt	added-yes	first big annotation push
2019-12-11	28807895	0000-0002-3918-4412	Viraj Doddihal	0	1	0	0	none	toadd	https://github.com/planosphere/PAGE/blob/master/curation/ExpressionFiles/28807895_VID.txt	added-yes	first big annotation push
2019-12-11	29184198	0000-0002-3918-4412	Viraj Doddihal	0	1	0	0	none	toadd	https://github.com/planosphere/PAGE/blob/master/curation/ExpressionFiles/29184198_VID.txt	added-yes	first big annotation push
2019-12-16	18786419	0000-0003-2569-1939	Stephanie Nowotarski	0	1	0	0	none	toadd	https://github.com/planosphere/PAGE/blob/master/curation/ExpressionFiles/18786419_stn.txt	added-yes	first big annotation push
2019-12-16	23144623	0000-0003-2569-1939	Stephanie Nowotarski	0	1	0	0	none	toadd	https://github.com/planosphere/PAGE/blob/master/curation/ExpressionFiles/23144623_stn.txt	added-yes	first big annotation push
2019-12-16	26017970	0000-0003-2569-1939	Stephanie Nowotarski	0	1	0	0	none	toadd	https://github.com/planosphere/PAGE/blob/master/curation/ExpressionFiles/26017970_stn.txt	added-yes	first big annotation push
2019-12-16	26114597	0000-0003-2569-1939	Stephanie Nowotarski	0	1	0	0	none	toadd	https://github.com/planosphere/PAGE/blob/master/curation/ExpressionFiles/26114597_stn.txt	added-yes	first big annotation push
2019-12-16	26114597	0000-0003-2569-1939	Stephanie Nowotarski	0	1	0	0	none	toadd	https://github.com/planosphere/PAGE/blob/master/curation/ExpressionFiles/26114597_stn_1.txt	added-yes	first big annotation push
2019-12-16	26114597	0000-0003-2569-1939	Stephanie Nowotarski	0	1	0	0	none	toadd	https://github.com/planosphere/PAGE/blob/master/curation/ExpressionFiles/26114597_stn_2.txt	added-yes	first big annotation push
2019-12-17	22696458	0000-0002-7535-4407	Erin Davies	0	1	0	0	none	toadd	https://github.com/planosphere/PAGE/blob/master/curation/ExpressionFiles/22696458_eld.txt	added-yes	first big annotation push
2019-12-17	26711341	0000-0003-2569-1939	Stephanie Nowotarski	0	1	0	0	none	toadd	https://github.com/planosphere/PAGE/blob/master/curation/ExpressionFiles/26711341_stn.txt	added-yes	first big annotation push
2019-12-17	27163480	0000-0002-7535-4407	Erin Davies	0	1	0	0	none	toadd	https://github.com/planosphere/PAGE/blob/master/curation/ExpressionFiles/27163480_eld.txt	added-yes	first big annotation push
2019-12-17	28072387	0000-0002-7535-4407	Erin Davies	0	1	0	0	none	toadd	https://github.com/planosphere/PAGE/blob/master/curation/ExpressionFiles/28072387_eld_4.txt	added-yes	first big annotation push
2019-12-17	28072387	0000-0002-7535-4407	Erin Davies	0	1	0	0	none	toadd	https://github.com/planosphere/PAGE/blob/master/curation/ExpressionFiles/28072387_eld_5.txt	added-yes	first big annotation push
2019-12-17	28072387	0000-0002-7535-4407	Erin Davies	0	1	0	0	none	toadd	https://github.com/planosphere/PAGE/blob/master/curation/ExpressionFiles/28072387_eld_6.txt	added-yes	first big annotation push
2019-12-17	28807897	0000-0003-2569-1939	Stephanie Nowotarski	0	1	0	0	none	toadd	https://github.com/planosphere/PAGE/blob/master/curation/ExpressionFiles/28807897_stn.txt	added-yes	first big annotation push
2019-12-17	29100657	0000-0003-2569-1939	Stephanie Nowotarski	0	1	0	0	none	toadd	https://github.com/planosphere/PAGE/blob/master/curation/ExpressionFiles/29100657_stn_1.txt	added-yes	first big annotation push
2019-12-17	29100657	0000-0003-2569-1939	Stephanie Nowotarski	0	1	0	0	none	toadd	https://github.com/planosphere/PAGE/blob/master/curation/ExpressionFiles/29100657_stn_2.txt	added-yes	first big annotation push
2019-12-17	29158443	0000-0003-2569-1939	Stephanie Nowotarski	0	1	0	0	none	toadd	https://github.com/planosphere/PAGE/blob/master/curation/ExpressionFiles/29158443_stn.txt	added-yes	first big annotation push
2019-12-18	25017721	0000-0003-2569-1939	Stephanie Nowotarski	0	1	0	0	none	toadd	https://github.com/planosphere/PAGE/blob/master/curation/ExpressionFiles/25017721_stn (1).txt	added-yes	first big annotation push
2019-12-19	27551436	0000-0003-2569-1939	Stephanie Nowotarski	0	1	0	0	none	toadd	https://github.com/planosphere/PAGE/blob/master/curation/ExpressionFiles/27551436_stn.txt	added-yes	first big annotation push
2019-12-19	28292427	0000-0003-2569-1939	Stephanie Nowotarski	0	1	0	0	none	toadd	https://github.com/planosphere/PAGE/blob/master/curation/ExpressionFiles/28292427_stn.txt	added-yes	first big annotation push
2019-12-19	28292427	0000-0003-2569-1939	Stephanie Nowotarski	0	1	0	0	none	toadd	https://github.com/planosphere/PAGE/blob/master/curation/ExpressionFiles/28292427_stn_1.txt	added-yes	first big annotation push
2019-12-19	28292427	0000-0003-2569-1939	Stephanie Nowotarski	0	1	0	0	none	toadd	https://github.com/planosphere/PAGE/blob/master/curation/ExpressionFiles/28292427_stn_2.txt	added-yes	first big annotation push
2019-12-19	28292427	0000-0003-2569-1939	Stephanie Nowotarski	0	1	0	0	none	toadd	https://github.com/planosphere/PAGE/blob/master/curation/ExpressionFiles/28292427_stn_3.txt	added-yes	first big annotation push
2019-12-19	28292427	0000-0003-2569-1939	Stephanie Nowotarski	0	1	0	0	none	toadd	https://github.com/planosphere/PAGE/blob/master/curation/ExpressionFiles/28292427_stn_4.txt	added-yes	first big annotation push
2019-12-19	28292427	0000-0003-2569-1939	Stephanie Nowotarski	0	1	0	0	none	toadd	https://github.com/planosphere/PAGE/blob/master/curation/ExpressionFiles/28292427_stn_5.txt	added-yes	first big annotation push
2019-12-19	28292427	0000-0003-2569-1939	Stephanie Nowotarski	0	1	0	0	none	toadd	https://github.com/planosphere/PAGE/blob/master/curation/ExpressionFiles/28292427_stn_6.txt	added-yes	first big annotation push
2019-12-19	28292427	0000-0003-2569-1939	Stephanie Nowotarski	0	1	0	0	none	toadd	https://github.com/planosphere/PAGE/blob/master/curation/ExpressionFiles/28292427_stn_7.txt	added-yes	first big annotation push
2019-12-20	19766622	0000-0003-2569-1939	Stephanie Nowotarski	0	1	0	0	none	toadd	https://github.com/planosphere/PAGE/blob/master/curation/ExpressionFiles/19766622_stn.txt	added-yes	first big annotation push
2019-12-20	21356107	0000-0002-3918-4412	Viraj Doddihal	0	1	0	0	none	toadd	https://github.com/planosphere/PAGE/blob/master/curation/ExpressionFiles/21356107_VID.txt	added-yes	first big annotation push
2019-12-20	24063805	0000-0002-3918-4412	Viraj Doddihal	0	1	0	0	none	toadd	https://github.com/planosphere/PAGE/blob/master/curation/ExpressionFiles/24063805_VID.txt	added-yes	first big annotation push
2019-12-20	27502555	0000-0002-3918-4412	Viraj Doddihal	0	1	0	0	none	toadd	https://github.com/planosphere/PAGE/blob/master/curation/ExpressionFiles/27502555_VID.txt	added-yes	first big annotation push
2019-12-20	27606067	0000-0002-3918-4412	Viraj Doddihal	0	1	0	0	none	toadd	https://github.com/planosphere/PAGE/blob/master/curation/ExpressionFiles/27606067_VID.txt	added-yes	first big annotation push
2019-12-20	27612384	0000-0002-3918-4412	Viraj Doddihal	0	1	0	0	none	toadd	https://github.com/planosphere/PAGE/blob/master/curation/ExpressionFiles/27612384_VID.txt	added-yes	first big annotation push
2019-12-20	27864883	0000-0002-3918-4412	Viraj Doddihal	0	1	0	0	none	toadd	https://github.com/planosphere/PAGE/blob/master/curation/ExpressionFiles/27864883_VID.txt	added-yes	first big annotation push
2019-12-20	28893948	0000-0002-3918-4412	Viraj Doddihal	0	1	0	0	none	toadd	https://github.com/planosphere/PAGE/blob/master/curation/ExpressionFiles/28893948_VID.txt	added-yes	first big annotation push
2019-12-20	29124009	0000-0002-3918-4412	Viraj Doddihal	0	1	0	0	none	toadd	https://github.com/planosphere/PAGE/blob/master/curation/ExpressionFiles/29124009_VID.txt	added-yes	first big annotation push
2019-12-20	30399335	0000-0002-3918-4412	Viraj Doddihal	0	1	0	0	none	toadd	https://github.com/planosphere/PAGE/blob/master/curation/ExpressionFiles/30399335_VID.txt	added-yes	first big annotation push
2020-01-03	30962434	0000-0003-2569-1939	Stephanie Nowotarski	0	1	0	0	none	toadd	https://github.com/planosphere/PAGE/blob/master/curation/ExpressionFiles/30962434_1_stn.txt	added-yes	first big annotation push
2020-01-03	30962434	0000-0003-2569-1939	Stephanie Nowotarski	0	1	0	0	none	toadd	https://github.com/planosphere/PAGE/blob/master/curation/ExpressionFiles/30962434_stn.txt	added-yes	first big annotation push
2020-01-08	30471994	0000-0003-2569-1939	Stephanie Nowotarski	0	1	0	0	none	toadd	https://github.com/planosphere/PAGE/blob/master/curation/ExpressionFiles/30471994_stn.txt	added-yes	first big annotation push
2020-01-08	30471994	0000-0003-2569-1939	Stephanie Nowotarski	0	1	0	0	none	toadd	https://github.com/planosphere/PAGE/blob/master/curation/ExpressionFiles/30471994_stn_1.txt	added-yes	first big annotation push
2020-01-09	29674432	0000-0003-2569-1939	Stephanie Nowotarski	0	1	0	0	none	toadd	https://github.com/planosphere/PAGE/blob/master/curation/ExpressionFiles/29674432_stn.txt	added-yes	first big annotation push
2020-01-09	29674432	0000-0003-2569-1939	Stephanie Nowotarski	0	1	0	0	none	toadd	https://github.com/planosphere/PAGE/blob/master/curation/ExpressionFiles/29674432_stn_1.txt	added-yes	first big annotation push
2020-01-14	22439894	0000-0003-2569-1939	Stephanie Nowotarski	0	1	0	0	none	toadd	https://github.com/planosphere/PAGE/blob/master/curation/ExpressionFiles/22439894_stn.txt	added-yes	first big annotation push
2020-01-14	28171748	0000-0003-2569-1939	Stephanie Nowotarski	0	1	0	0	none	toadd	https://github.com/planosphere/PAGE/blob/master/curation/ExpressionFiles/28171748_stn.txt	added-yes	first big annotation push
2020-01-14	28171748	0000-0003-2569-1939	Stephanie Nowotarski	0	1	0	0	none	toadd	https://github.com/planosphere/PAGE/blob/master/curation/ExpressionFiles/28171748_stn_1.txt	added-yes	first big annotation push
2020-01-14	29674431	0000-0003-2569-1939	Stephanie Nowotarski	0	1	0	0	none	toadd	https://github.com/planosphere/PAGE/blob/master/curation/ExpressionFiles/29674431_stn_12.txt	added-yes	first big annotation push
2020-01-14	29674431	0000-0003-2569-1939	Stephanie Nowotarski	0	1	0	0	none	toadd	https://github.com/planosphere/PAGE/blob/master/curation/ExpressionFiles/29674431_stn_13.txt	added-yes	first big annotation push
2020-01-14	29906446	0000-0003-2569-1939	Stephanie Nowotarski	0	1	0	0	none	toadd	https://github.com/planosphere/PAGE/blob/master/curation/ExpressionFiles/29906446_stn.txt	added-yes	first big annotation push
2020-01-15	22543868	0000-0003-2569-1939	Stephanie Nowotarski	0	1	0	0	none	toadd	https://github.com/planosphere/PAGE/blob/master/curation/ExpressionFiles/22543868_stn.txt	added-yes	first big annotation push
2020-01-15	30485821	0000-0003-2569-1939	Stephanie Nowotarski	0	1	0	0	none	toadd	https://github.com/planosphere/PAGE/blob/master/curation/ExpressionFiles/30485821_stn.txt	added-yes	first big annotation push
2020-01-17	22385657	0000-0003-2569-1939	Stephanie Nowotarski	0	1	0	0	none	toadd	https://github.com/planosphere/PAGE/blob/master/curation/ExpressionFiles/22385657_stn.txt	added-yes	first big annotation push
2020-01-17	27063937	0000-0003-2569-1939	Stephanie Nowotarski	0	1	0	0	none	toadd	https://github.com/planosphere/PAGE/blob/master/curation/ExpressionFiles/27063937_stn.txt	added-yes	first big annotation push
2020-01-17	27063937	0000-0003-2569-1939	Stephanie Nowotarski	0	1	0	0	none	toadd	https://github.com/planosphere/PAGE/blob/master/curation/ExpressionFiles/27063937_stn_1.txt	added-yes	first big annotation push
2020-01-17	27063937	0000-0003-2569-1939	Stephanie Nowotarski	0	1	0	0	none	toadd	https://github.com/planosphere/PAGE/blob/master/curation/ExpressionFiles/27063937_stn_2.txt	added-yes	first big annotation push
2020-01-17	27063937	0000-0003-2569-1939	Stephanie Nowotarski	0	1	0	0	none	toadd	https://github.com/planosphere/PAGE/blob/master/curation/ExpressionFiles/27063937_stn_3.txt	added-yes	first big annotation push
2020-01-17	27063937	0000-0003-2569-1939	Stephanie Nowotarski	0	1	0	0	none	toadd	https://github.com/planosphere/PAGE/blob/master/curation/ExpressionFiles/27063937_stn_4.txt	added-yes	first big annotation push
2020-01-17	27074666	0000-0003-2569-1939	Stephanie Nowotarski	0	1	0	0	none	toadd	https://github.com/planosphere/PAGE/blob/master/curation/ExpressionFiles/27074666_stn.txt	added-yes	first big annotation push
2020-01-17	27240733	0000-0003-2569-1939	Stephanie Nowotarski	0	1	0	0	none	toadd	https://github.com/planosphere/PAGE/blob/master/curation/ExpressionFiles/27240733_stn.txt	added-yes	first big annotation push
2020-02-24	29674431	0000-0003-2569-1939	Stephanie Nowotarski	0	1	0	0	none	toadd	https://github.com/planosphere/PAGE/blob/master/curation/ExpressionFiles/29674431_stn.txt	added-yes	first big annotation push
2020-02-24	29674431	0000-0003-2569-1939	Stephanie Nowotarski	0	1	0	0	none	toadd	https://github.com/planosphere/PAGE/blob/master/curation/ExpressionFiles/29674431_stn_1.txt	added-yes	first big annotation push
2020-02-24	29674431	0000-0003-2569-1939	Stephanie Nowotarski	0	1	0	0	none	toadd	https://github.com/planosphere/PAGE/blob/master/curation/ExpressionFiles/29674431_stn_2.txt	added-yes	first big annotation push
2020-02-24	29674431	0000-0003-2569-1939	Stephanie Nowotarski	0	1	0	0	none	toadd	https://github.com/planosphere/PAGE/blob/master/curation/ExpressionFiles/29674431_stn_3.txt	added-yes	first big annotation push
2020-02-24	29674431	0000-0003-2569-1939	Stephanie Nowotarski	0	1	0	0	none	toadd	https://github.com/planosphere/PAGE/blob/master/curation/ExpressionFiles/29674431_stn_4.txt	added-yes	first big annotation push
2020-10-25	29674431	0000-0003-2569-1939	Stephanie Nowotarski	0	1	0	0	none	toadd	https://github.com/planosphere/PAGE/blob/master/curation/ExpressionFiles/20201015_NewExpressionFiles/29674431_allclusters.txt	added-yes	first big annotation push
2020-10-25	29674431	0000-0003-2569-1939	Stephanie Nowotarski	0	1	0	0	none	toadd	https://github.com/planosphere/PAGE/blob/master/curation/ExpressionFiles/20201015_NewExpressionFiles/29674431_anteriormusclecell.txt	added-yes	first big annotation push
2020-10-25	29674431	0000-0003-2569-1939	Stephanie Nowotarski	0	1	0	0	none	toadd	https://github.com/planosphere/PAGE/blob/master/curation/ExpressionFiles/20201015_NewExpressionFiles/29674431_cathepsin_parenchymalcell.txt	added-yes	first big annotation push
2020-10-25	29674431	0000-0003-2569-1939	Stephanie Nowotarski	0	1	0	0	none	toadd	https://github.com/planosphere/PAGE/blob/master/curation/ExpressionFiles/20201015_NewExpressionFiles/29674431_cephalicganglia.txt	added-yes	first big annotation push
2020-10-25	29674431	0000-0003-2569-1939	Stephanie Nowotarski	0	1	0	0	none	toadd	https://github.com/planosphere/PAGE/blob/master/curation/ExpressionFiles/20201015_NewExpressionFiles/29674431_ciliatedneuron.txt	added-yes	first big annotation push
2020-10-25	29674431	0000-0003-2569-1939	Stephanie Nowotarski	0	1	0	0	none	toadd	https://github.com/planosphere/PAGE/blob/master/curation/ExpressionFiles/20201015_NewExpressionFiles/29674431_epidermis.txt	added-yes	first big annotation push
2020-10-25	29674431	0000-0003-2569-1939	Stephanie Nowotarski	0	1	0	0	none	toadd	https://github.com/planosphere/PAGE/blob/master/curation/ExpressionFiles/20201015_NewExpressionFiles/29674431_gut.txt	added-yes	first big annotation push
2020-10-25	29674431	0000-0003-2569-1939	Stephanie Nowotarski	0	1	0	0	none	toadd	https://github.com/planosphere/PAGE/blob/master/curation/ExpressionFiles/20201015_NewExpressionFiles/29674431_lateralmusclecell.txt	added-yes	first big annotation push
2020-10-25	29674431	0000-0003-2569-1939	Stephanie Nowotarski	0	1	0	0	none	toadd	https://github.com/planosphere/PAGE/blob/master/curation/ExpressionFiles/20201015_NewExpressionFiles/29674431_musclecell.txt	added-yes	first big annotation push
2020-10-25	29674431	0000-0003-2569-1939	Stephanie Nowotarski	0	1	0	0	none	toadd	https://github.com/planosphere/PAGE/blob/master/curation/ExpressionFiles/20201015_NewExpressionFiles/29674431_neoblast.txt	added-yes	first big annotation push
2020-10-25	29674431	0000-0003-2569-1939	Stephanie Nowotarski	0	1	0	0	none	toadd	https://github.com/planosphere/PAGE/blob/master/curation/ExpressionFiles/20201015_NewExpressionFiles/29674431_neoblast2.txt	added-yes	first big annotation push
2020-10-25	29674431	0000-0003-2569-1939	Stephanie Nowotarski	0	1	0	0	none	toadd	https://github.com/planosphere/PAGE/blob/master/curation/ExpressionFiles/20201015_NewExpressionFiles/29674431_nervoussystem.txt	added-yes	first big annotation push
2020-10-25	29674431	0000-0003-2569-1939	Stephanie Nowotarski	0	1	0	0	none	toadd	https://github.com/planosphere/PAGE/blob/master/curation/ExpressionFiles/20201015_NewExpressionFiles/29674431_nervoussystem_cephalicganglia.txt	added-yes	first big annotation push
2020-10-25	29674431	0000-0003-2569-1939	Stephanie Nowotarski	0	1	0	0	none	toadd	https://github.com/planosphere/PAGE/blob/master/curation/ExpressionFiles/20201015_NewExpressionFiles/29674431_neuron.txt	added-yes	first big annotation push
2020-10-25	29674431	0000-0003-2569-1939	Stephanie Nowotarski	0	1	0	0	none	toadd	https://github.com/planosphere/PAGE/blob/master/curation/ExpressionFiles/20201015_NewExpressionFiles/29674431_non-ciliatedneuron.txt	added-yes	first big annotation push
2020-10-25	29674431	0000-0003-2569-1939	Stephanie Nowotarski	0	1	0	0	none	toadd	https://github.com/planosphere/PAGE/blob/master/curation/ExpressionFiles/20201015_NewExpressionFiles/29674431_parenchyma.txt	added-yes	first big annotation push
2020-10-25	29674431	0000-0003-2569-1939	Stephanie Nowotarski	0	1	0	0	none	toadd	https://github.com/planosphere/PAGE/blob/master/curation/ExpressionFiles/20201015_NewExpressionFiles/29674431_pharynx.txt	added-yes	first big annotation push
2020-10-25	29674431	0000-0003-2569-1939	Stephanie Nowotarski	0	1	0	0	none	toadd	https://github.com/planosphere/PAGE/blob/master/curation/ExpressionFiles/20201015_NewExpressionFiles/29674431_posteriormusclecell.txt	added-yes	first big annotation push
2020-10-25	29674431	0000-0003-2569-1939	Stephanie Nowotarski	0	1	0	0	none	toadd	https://github.com/planosphere/PAGE/blob/master/curation/ExpressionFiles/20201015_NewExpressionFiles/29674431_protonephridia.txt	added-yes	first big annotation push
2020-10-25	29674431	0000-0003-2569-1939	Stephanie Nowotarski	0	1	0	0	none	toadd	https://github.com/planosphere/PAGE/blob/master/curation/ExpressionFiles/20201015_NewExpressionFiles/29674431_smedasexualbiotype.txt	added-yes	first big annotation push
2021-02-01	22445864	0000-0002-7535-4407	Erin Davies	0	1	0	0	none	toadd	https://github.com/planosphere/PAGE/blob/master/curation/ExpressionFiles/22445864_0000-0002-7535-4407.txt	added-yes	first big annotation push
2021-02-01	26525673	0000-0003-2569-1939	Stephanie Nowotarski	0	1	0	0	none	toadd	https://github.com/planosphere/PAGE/blob/master/curation/ExpressionFiles/26525673_0000-0003-2569-1939.txt	added-yes	first big annotation push
2021-02-02	28245923	0000-0002-7535-4407	Erin Davies	0	1	0	0	none	toadd	https://github.com/planosphere/PAGE/blob/master/curation/ExpressionFiles/28245923_0000-0002-7535-4407.txt	added-yes	first big annotation push
2021-02-03	20707997	0000-0003-2569-1939	Stephanie Nowotarski	0	1	0	0	none	toadd	https://github.com/planosphere/PAGE/blob/master/curation/ExpressionFiles/20707997_0000-0003-2569-1939.txt	added-yes	first big annotation push
2021-02-03	26711341	0000-0003-2569-1939	Stephanie Nowotarski	0	1	0	0	none	toadd	https://github.com/planosphere/PAGE/blob/master/curation/ExpressionFiles/26711341_0000-0003-2569-1939.txt	added-yes	first big annotation push
2021-02-11	21937596	0000-0003-2569-1939	Stephanie Nowotarski	0	1	0	0	none	toadd	https://github.com/planosphere/PAGE/blob/master/curation/ExpressionFiles/21937596_0000-0003-2569-1939.txt	added-yes	first big annotation push
2021-02-11	28434803	0000-0003-2569-1939	Stephanie Nowotarski	0	1	0	0	none	toadd	https://github.com/planosphere/PAGE/blob/master/curation/ExpressionFiles/28434803_0000-0003-2569-1939.txt	added-yes	first big annotation push
2021-02-23	19766622	0000-0003-2569-1939	Stephanie Nowotarski	0	1	0	0	none	toadd	https://github.com/planosphere/PAGE/blob/master/curation/ExpressionFiles/19766622_0000-0003-2569-1939.txt	added-yes	first big annotation push
2021-02-23	21282632	0000-0003-2569-1939	Stephanie Nowotarski	0	1	0	0	none	toadd	https://github.com/planosphere/PAGE/blob/master/curation/ExpressionFiles/21282632_0000-0003-2569-1939.txt	added-yes	first big annotation push
2021-02-23	23629965	0000-0003-2569-1939	Stephanie Nowotarski	0	1	0	0	none	toadd	https://github.com/planosphere/PAGE/blob/master/curation/ExpressionFiles/23629965_0000-0003-2569-1939.txt	added-yes	first big annotation push
2021-02-23	24903754	0000-0003-2569-1939	Stephanie Nowotarski	0	1	0	0	none	toadd	https://github.com/planosphere/PAGE/blob/master/curation/ExpressionFiles/24903754_0000-0003-2569-1939.txt	added-yes	first big annotation push
2021-03-12	23235145	0000-0002-7535-4407	Erin Davies	0	1	0	0	none	toadd	https://github.com/planosphere/PAGE/blob/master/curation/ExpressionFiles/23235145_0000-0002-7535-4407.txt	added-yes	first big annotation push
2021-03-15	25956527	0000-0002-7535-4407	Erin Davies	0	1	0	0	none	toadd	https://github.com/planosphere/PAGE/blob/master/curation/ExpressionFiles/25956527_0000-0002-7535-4407-txt	added-yes	first big annotation push
2021-03-16	27034770	0000-0002-7535-4407	Erin Davies	0	1	0	0	none	toadd	https://github.com/planosphere/PAGE/blob/master/curation/ExpressionFiles/27034770_0000-0002-7535-4407.txt	added-yes	first big annotation push
2021-03-20	24131630	0000-0002-7535-4407	Erin Davies	0	1	0	0	none	toadd	https://github.com/planosphere/PAGE/blob/master/curation/ExpressionFiles/24131630_0000-0002-7535-4407.txt	added-yes	first big annotation push
2021-03-20	30194301	0000-0002-7535-4407	Erin Davies	0	1	0	0	none	toadd	https://github.com/planosphere/PAGE/blob/master/curation/ExpressionFiles/30194301_0000-0002-7535-4407.txt	added-yes	first big annotation push
2021-03-21	27074666	0000-0002-7535-4407	Erin Davies	0	1	0	0	none	toadd	https://github.com/planosphere/PAGE/blob/master/curation/ExpressionFiles/27074666_0000-0002-7535-4407.txt	added-yes	first big annotation push
2021-03-29	27034770	0000-0002-7535-4407	Erin Davies	0	1	0	0	none	toadd	https://github.com/planosphere/PAGE/blob/master/curation/ExpressionFiles/27034770_0000-0002-7535-4407.txt	added-yes	first big annotation push
2021-10-28	32078629	0000-0002-6008-7430	Nicole Lindsay-Mosher	1	1	0	0	https://github.com/planosphere/PAGE/issues/8	https://doi.org/10.1371/journal.pgen.1008613	https://github.com/planosphere/PAGE/files/7436554/32078629_0000-0002-6008-7430_2021-10-28.txt		
2021-11-01	32122990	0000-0002-9577-840X	Eudald Pascual	1	1	0	0	https://github.com/planosphere/PAGE/issues/9	https://doi.org/10.1242/dev.184044	https://github.com/planosphere/PAGE/files/7474466/32122990_0000-0002-9577-840X_2021-11-04.txt		Final corrected curations are in issue #15
2021-11-02	33467529	0000-0002-9577-840X	Eudald Pascual	1	1	0	0	https://github.com/planosphere/PAGE/issues/11	https://doi.org/10.3390/genes12010101	https://github.com/planosphere/PAGE/files/7474423/33467529_0000-0002-9577-840X_2021-11-03.txt		Final corrected curations are in issue #13
2021-11-02	33536473	0000-0002-9577-840X	Eudald Pascual	1	1	0	0	https://github.com/planosphere/PAGE/issues/12	https://doi.org/10.1038/s41598-020-80627-0	https://github.com/planosphere/PAGE/files/7477222/33536473_0000-0002-9577-840X_2021-11-03.txt		Finall corrected curations are in issue #16
